{
  "run_name": "phase4_bt_k3_x3_seed0_20260619_114814",
  "treatment": "bt",
  "seed": 0,
  "model_name": "distilbert-base-uncased",
  "top_k": 3,
  "augmentation_factor": 3,
  "candidates_per_source": 12,
  "gamma": null,
  "alpha": null,
  "original_training_size": 36302,
  "final_training_size": 45701,
  "original_training_class_counts": {
    "0": 3878,
    "1": 497,
    "2": 515,
    "3": 12920,
    "4": 2121,
    "5": 3553,
    "6": 12818
  },
  "final_training_class_counts": {
    "0": 3878,
    "1": 1988,
    "2": 2060,
    "3": 12920,
    "4": 8484,
    "5": 3553,
    "6": 12818
  },
  "best_checkpoint": "/content/drive/MyDrive/Thesis/models_new/phase4_bt_k3_x3_seed0_20260619_114814/checkpoints/checkpoint-1429",
  "best_validation_macro_f1_during_training": 0.5971106815131514,
  "training_time_seconds": 485.2881410121918,
  "peak_gpu_memory_gb": 2.183355904,
  "augmentation": {
    "method": "English-German-English back-translation",
    "pivot_language": "de",
    "diversity_method": "top-p sampling during reverse translation",
    "top_k": 3,
    "aug_factor": 3,
    "candidates_per_source": 12,
    "maximum_attempts": 8,
    "selected_class_ids": [
      1,
      2,
      4
    ],
    "original_training_size": 36302,
    "selected_source_examples": 3133,
    "expected_synthetic_examples": 9399,
    "generated_synthetic_examples": 9399,
    "augmented_training_size": 45701,
    "original_class_counts": {
      "0": 3878,
      "1": 497,
      "2": 515,
      "3": 12920,
      "4": 2121,
      "5": 3553,
      "6": 12818
    },
    "augmented_class_counts": {
      "0": 3878,
      "1": 1988,
      "2": 2060,
      "3": 12920,
      "4": 8484,
      "5": 3553,
      "6": 12818
    }
  },
  "validation": {
    "accuracy": 0.6791290961073235,
    "macro_f1": 0.5971106815131514,
    "weighted_f1": 0.6811833661927383,
    "per_class_f1": [
      0.47029702970297027,
      0.4550898203592814,
      0.6388888888888888,
      0.8080301129234629,
      0.565359477124183,
      0.5717321997874601,
      0.6703772418058133
    ],
    "report": {
      "anger": {
        "precision": 0.5882352941176471,
        "recall": 0.3917525773195876,
        "f1-score": 0.47029702970297027,
        "support": 485.0
      },
      "disgust": {
        "precision": 0.3584905660377358,
        "recall": 0.6229508196721312,
        "f1-score": 0.4550898203592814,
        "support": 61.0
      },
      "fear": {
        "precision": 0.5897435897435898,
        "recall": 0.696969696969697,
        "f1-score": 0.6388888888888888,
        "support": 66.0
      },
      "joy": {
        "precision": 0.8473684210526315,
        "recall": 0.7721822541966427,
        "f1-score": 0.8080301129234629,
        "support": 1668.0
      },
      "sadness": {
        "precision": 0.46630727762803237,
        "recall": 0.7178423236514523,
        "f1-score": 0.565359477124183,
        "support": 241.0
      },
      "surprise": {
        "precision": 0.5316205533596838,
        "recall": 0.6183908045977011,
        "f1-score": 0.5717321997874601,
        "support": 435.0
      },
      "neutral": {
        "precision": 0.6597687157638467,
        "recall": 0.6813324952859836,
        "f1-score": 0.6703772418058133,
        "support": 1591.0
      },
      "accuracy": 0.6791290961073235,
      "macro avg": {
        "precision": 0.5773620596718809,
        "recall": 0.6430601388133137,
        "f1-score": 0.5971106815131514,
        "support": 4547.0
      },
      "weighted avg": {
        "precision": 0.6933852357190071,
        "recall": 0.6791290961073235,
        "f1-score": 0.6811833661927383,
        "support": 4547.0
      }
    }
  },
  "test": {
    "accuracy": 0.6747276688453159,
    "macro_f1": 0.6041965472649997,
    "weighted_f1": 0.6762905972768083,
    "per_class_f1": [
      0.4818181818181818,
      0.4945054945054945,
      0.6470588235294118,
      0.807381029459372,
      0.5564387917329093,
      0.5765407554671969,
      0.6656327543424317
    ],
    "report": {
      "anger": {
        "precision": 0.5888888888888889,
        "recall": 0.4076923076923077,
        "f1-score": 0.4818181818181818,
        "support": 520.0
      },
      "disgust": {
        "precision": 0.42452830188679247,
        "recall": 0.5921052631578947,
        "f1-score": 0.4945054945054945,
        "support": 76.0
      },
      "fear": {
        "precision": 0.5913978494623656,
        "recall": 0.7142857142857143,
        "f1-score": 0.6470588235294118,
        "support": 77.0
      },
      "joy": {
        "precision": 0.8391655450874832,
        "recall": 0.7779164067373674,
        "f1-score": 0.807381029459372,
        "support": 1603.0
      },
      "sadness": {
        "precision": 0.47297297297297297,
        "recall": 0.6756756756756757,
        "f1-score": 0.5564387917329093,
        "support": 259.0
      },
      "surprise": {
        "precision": 0.5206463195691203,
        "recall": 0.6458797327394209,
        "f1-score": 0.5765407554671969,
        "support": 449.0
      },
      "neutral": {
        "precision": 0.6631644004944376,
        "recall": 0.6681195516811955,
        "f1-score": 0.6656327543424317,
        "support": 1606.0
      },
      "accuracy": 0.6747276688453159,
      "macro avg": {
        "precision": 0.5858234683374371,
        "recall": 0.6402392359956537,
        "f1-score": 0.6041965472649997,
        "support": 4590.0
      },
      "weighted avg": {
        "precision": 0.6863874947777904,
        "recall": 0.6747276688453159,
        "f1-score": 0.6762905972768083,
        "support": 4590.0
      }
    }
  }
}