{
  "run_name": "phase3_distilbert_vanilla_seed0_20260619_160048",
  "seed": 0,
  "model_name": "distilbert-base-uncased",
  "max_length": 128,
  "batch_size": 32,
  "number_of_epochs": 3,
  "learning_rate": 2e-05,
  "weight_decay": 0.01,
  "warmup_steps": 500,
  "training_size": 36302,
  "validation_size": 4547,
  "test_size": 4590,
  "best_checkpoint": "/content/drive/MyDrive/Thesis/models_new/phase3_corrected_runs/phase3_distilbert_vanilla_seed0_20260619_160048/checkpoints/checkpoint-2270",
  "best_validation_macro_f1": 0.6477774340307842,
  "training_time_seconds": 426.0851843357086,
  "peak_gpu_memory_gb": 2.197577216,
  "environment": {
    "python_version": "3.12.13 (main, Mar  4 2026, 09:23:07) [GCC 11.4.0]",
    "platform": "Linux-6.6.122+-x86_64-with-glibc2.35",
    "torch_version": "2.11.0+cu128",
    "transformers_version": "5.10.2",
    "sklearn_version": "1.6.1",
    "pandas_version": "2.2.2",
    "numpy_version": "2.0.2",
    "cuda_available": true,
    "torch_cuda_version": "12.8",
    "gpu_name": "Tesla T4",
    "cudnn_version": 91900
  },
  "validation": {
    "accuracy": 0.7024411700021993,
    "macro_f1": 0.6477774340307842,
    "weighted_f1": 0.7010831231713999,
    "per_class_f1": [
      0.5263157894736842,
      0.5528455284552846,
      0.7246376811594203,
      0.8148148148148148,
      0.6527777777777778,
      0.5838509316770186,
      0.6791995148574894
    ],
    "report": {
      "anger": {
        "precision": 0.5376344086021505,
        "recall": 0.5154639175257731,
        "f1-score": 0.5263157894736842,
        "support": 485.0
      },
      "disgust": {
        "precision": 0.5483870967741935,
        "recall": 0.5573770491803278,
        "f1-score": 0.5528455284552846,
        "support": 61.0
      },
      "fear": {
        "precision": 0.6944444444444444,
        "recall": 0.7575757575757576,
        "f1-score": 0.7246376811594203,
        "support": 66.0
      },
      "joy": {
        "precision": 0.8119047619047619,
        "recall": 0.8177458033573142,
        "f1-score": 0.8148148148148148,
        "support": 1668.0
      },
      "sadness": {
        "precision": 0.7382198952879581,
        "recall": 0.5850622406639004,
        "f1-score": 0.6527777777777778,
        "support": 241.0
      },
      "surprise": {
        "precision": 0.6351351351351351,
        "recall": 0.5402298850574713,
        "f1-score": 0.5838509316770186,
        "support": 435.0
      },
      "neutral": {
        "precision": 0.6561218512009374,
        "recall": 0.7039597737272156,
        "f1-score": 0.6791995148574894,
        "support": 1591.0
      },
      "accuracy": 0.7024411700021993,
      "macro avg": {
        "precision": 0.6602639419070829,
        "recall": 0.6396306324411086,
        "f1-score": 0.6477774340307842,
        "support": 4547.0
      },
      "weighted avg": {
        "precision": 0.7020847638167182,
        "recall": 0.7024411700021993,
        "f1-score": 0.7010831231713999,
        "support": 4547.0
      }
    }
  },
  "test": {
    "accuracy": 0.6962962962962963,
    "macro_f1": 0.630027743683946,
    "weighted_f1": 0.6936266966549812,
    "per_class_f1": [
      0.5363908275174477,
      0.5170068027210885,
      0.6853932584269663,
      0.8141321044546851,
      0.6153846153846154,
      0.5584725536992841,
      0.6834140435835351
    ],
    "report": {
      "anger": {
        "precision": 0.556935817805383,
        "recall": 0.5173076923076924,
        "f1-score": 0.5363908275174477,
        "support": 520.0
      },
      "disgust": {
        "precision": 0.5352112676056338,
        "recall": 0.5,
        "f1-score": 0.5170068027210885,
        "support": 76.0
      },
      "fear": {
        "precision": 0.6039603960396039,
        "recall": 0.7922077922077922,
        "f1-score": 0.6853932584269663,
        "support": 77.0
      },
      "joy": {
        "precision": 0.8020581113801453,
        "recall": 0.8265751715533375,
        "f1-score": 0.8141321044546851,
        "support": 1603.0
      },
      "sadness": {
        "precision": 0.7142857142857143,
        "recall": 0.5405405405405406,
        "f1-score": 0.6153846153846154,
        "support": 259.0
      },
      "surprise": {
        "precision": 0.6015424164524421,
        "recall": 0.5211581291759465,
        "f1-score": 0.5584725536992841,
        "support": 449.0
      },
      "neutral": {
        "precision": 0.6648998822143698,
        "recall": 0.702988792029888,
        "f1-score": 0.6834140435835351,
        "support": 1606.0
      },
      "accuracy": 0.6962962962962963,
      "macro avg": {
        "precision": 0.6398419436833275,
        "recall": 0.6286825882593138,
        "f1-score": 0.630027743683946,
        "support": 4590.0
      },
      "weighted avg": {
        "precision": 0.6939887887707351,
        "recall": 0.6962962962962963,
        "f1-score": 0.6936266966549812,
        "support": 4590.0
      }
    }
  }
}