{
  "run_name": "phase4_bt_k3_x3_seed42_20260619_100401",
  "treatment": "bt",
  "seed": 42,
  "model_name": "distilbert-base-uncased",
  "top_k": 3,
  "augmentation_factor": 3,
  "candidates_per_source": 12,
  "gamma": null,
  "alpha": null,
  "original_training_size": 36302,
  "final_training_size": 45701,
  "original_training_class_counts": {
    "0": 3878,
    "1": 497,
    "2": 515,
    "3": 12920,
    "4": 2121,
    "5": 3553,
    "6": 12818
  },
  "final_training_class_counts": {
    "0": 3878,
    "1": 1988,
    "2": 2060,
    "3": 12920,
    "4": 8484,
    "5": 3553,
    "6": 12818
  },
  "best_checkpoint": "/content/drive/MyDrive/Thesis/models_new/phase4_bt_k3_x3_seed42_20260619_100401/checkpoints/checkpoint-1429",
  "best_validation_macro_f1_during_training": 0.5980211106599319,
  "training_time_seconds": 525.7286849021912,
  "peak_gpu_memory_gb": 2.1808,
  "augmentation": {
    "method": "English-German-English back-translation",
    "pivot_language": "de",
    "diversity_method": "top-p sampling during reverse translation",
    "top_k": 3,
    "aug_factor": 3,
    "candidates_per_source": 12,
    "maximum_attempts": 8,
    "selected_class_ids": [
      1,
      2,
      4
    ],
    "original_training_size": 36302,
    "selected_source_examples": 3133,
    "expected_synthetic_examples": 9399,
    "generated_synthetic_examples": 9399,
    "augmented_training_size": 45701,
    "original_class_counts": {
      "0": 3878,
      "1": 497,
      "2": 515,
      "3": 12920,
      "4": 2121,
      "5": 3553,
      "6": 12818
    },
    "augmented_class_counts": {
      "0": 3878,
      "1": 1988,
      "2": 2060,
      "3": 12920,
      "4": 8484,
      "5": 3553,
      "6": 12818
    }
  },
  "validation": {
    "accuracy": 0.686826478997141,
    "macro_f1": 0.5980211106599319,
    "weighted_f1": 0.6859895758851762,
    "per_class_f1": [
      0.45614035087719296,
      0.45348837209302323,
      0.6356589147286822,
      0.8065635847270433,
      0.5730337078651685,
      0.572463768115942,
      0.6887990762124712
    ],
    "report": {
      "anger": {
        "precision": 0.5814696485623003,
        "recall": 0.3752577319587629,
        "f1-score": 0.45614035087719296,
        "support": 485.0
      },
      "disgust": {
        "precision": 0.35135135135135137,
        "recall": 0.639344262295082,
        "f1-score": 0.45348837209302323,
        "support": 61.0
      },
      "fear": {
        "precision": 0.6507936507936508,
        "recall": 0.6212121212121212,
        "f1-score": 0.6356589147286822,
        "support": 66.0
      },
      "joy": {
        "precision": 0.8514323784143905,
        "recall": 0.7661870503597122,
        "f1-score": 0.8065635847270433,
        "support": 1668.0
      },
      "sadness": {
        "precision": 0.5221843003412969,
        "recall": 0.6348547717842323,
        "f1-score": 0.5730337078651685,
        "support": 241.0
      },
      "surprise": {
        "precision": 0.6030534351145038,
        "recall": 0.5448275862068965,
        "f1-score": 0.572463768115942,
        "support": 435.0
      },
      "neutral": {
        "precision": 0.6369460758142018,
        "recall": 0.7498428661219358,
        "f1-score": 0.6887990762124712,
        "support": 1591.0
      },
      "accuracy": 0.686826478997141,
      "macro avg": {
        "precision": 0.5996044057702423,
        "recall": 0.6187894842769632,
        "f1-score": 0.5980211106599319,
        "support": 4547.0
      },
      "weighted avg": {
        "precision": 0.6967544903035384,
        "recall": 0.686826478997141,
        "f1-score": 0.6859895758851762,
        "support": 4547.0
      }
    }
  },
  "test": {
    "accuracy": 0.6801742919389978,
    "macro_f1": 0.601451081592887,
    "weighted_f1": 0.6791351190286173,
    "per_class_f1": [
      0.4722222222222222,
      0.4816753926701571,
      0.6329113924050633,
      0.8045901639344263,
      0.5869565217391305,
      0.5477272727272727,
      0.6840746054519369
    ],
    "report": {
      "anger": {
        "precision": 0.5930232558139535,
        "recall": 0.3923076923076923,
        "f1-score": 0.4722222222222222,
        "support": 520.0
      },
      "disgust": {
        "precision": 0.4,
        "recall": 0.6052631578947368,
        "f1-score": 0.4816753926701571,
        "support": 76.0
      },
      "fear": {
        "precision": 0.6172839506172839,
        "recall": 0.6493506493506493,
        "f1-score": 0.6329113924050633,
        "support": 77.0
      },
      "joy": {
        "precision": 0.8479612992398065,
        "recall": 0.7654398003742982,
        "f1-score": 0.8045901639344263,
        "support": 1603.0
      },
      "sadness": {
        "precision": 0.552901023890785,
        "recall": 0.6254826254826255,
        "f1-score": 0.5869565217391305,
        "support": 259.0
      },
      "surprise": {
        "precision": 0.5591647331786543,
        "recall": 0.5367483296213809,
        "f1-score": 0.5477272727272727,
        "support": 449.0
      },
      "neutral": {
        "precision": 0.6343799893560405,
        "recall": 0.7422166874221668,
        "f1-score": 0.6840746054519369,
        "support": 1606.0
      },
      "accuracy": 0.6801742919389978,
      "macro avg": {
        "precision": 0.6006734645852176,
        "recall": 0.6166869917790787,
        "f1-score": 0.601451081592887,
        "support": 4590.0
      },
      "weighted avg": {
        "precision": 0.6881624211749295,
        "recall": 0.6801742919389978,
        "f1-score": 0.6791351190286173,
        "support": 4590.0
      }
    }
  }
}