{
  "accuracy": 0.3933887915936953,
  "macro_f1": 0.3916133580812174,
  "weighted_f1": 0.3933473592766187,
  "per_class_f1": [
    0.565597667638484,
    0.7769028871391076,
    0.3973941368078176,
    0.19072164948453607,
    0.2376237623762376,
    0.22818791946308725,
    0.2289156626506024,
    0.15422885572139303,
    0.37714285714285717,
    0.21978021978021978,
    0.18791946308724833,
    0.4895833333333333,
    0.3076923076923077,
    0.2648401826484018,
    0.6289308176100629,
    0.9101796407185628,
    0.3333333333333333,
    0.5700483091787439,
    0.7774647887323943,
    0.2857142857142857,
    0.5627705627705628,
    0.2,
    0.14465408805031446,
    0.05,
    0.7017543859649122,
    0.5069124423963134,
    0.379746835443038,
    0.28713363139592646
  ],
  "report": {
    "admiration": {
      "precision": 0.5739644970414202,
      "recall": 0.5574712643678161,
      "f1-score": 0.565597667638484,
      "support": 348.0
    },
    "amusement": {
      "precision": 0.7589743589743589,
      "recall": 0.7956989247311828,
      "f1-score": 0.7769028871391076,
      "support": 186.0
    },
    "anger": {
      "precision": 0.3465909090909091,
      "recall": 0.46564885496183206,
      "f1-score": 0.3973941368078176,
      "support": 131.0
    },
    "annoyance": {
      "precision": 0.19072164948453607,
      "recall": 0.19072164948453607,
      "f1-score": 0.19072164948453607,
      "support": 194.0
    },
    "approval": {
      "precision": 0.2222222222222222,
      "recall": 0.2553191489361702,
      "f1-score": 0.2376237623762376,
      "support": 235.0
    },
    "caring": {
      "precision": 0.16037735849056603,
      "recall": 0.3953488372093023,
      "f1-score": 0.22818791946308725,
      "support": 86.0
    },
    "confusion": {
      "precision": 0.16170212765957448,
      "recall": 0.3917525773195876,
      "f1-score": 0.2289156626506024,
      "support": 97.0
    },
    "curiosity": {
      "precision": 0.13537117903930132,
      "recall": 0.1791907514450867,
      "f1-score": 0.15422885572139303,
      "support": 173.0
    },
    "desire": {
      "precision": 0.2773109243697479,
      "recall": 0.5892857142857143,
      "f1-score": 0.37714285714285717,
      "support": 56.0
    },
    "disappointment": {
      "precision": 0.16216216216216217,
      "recall": 0.3409090909090909,
      "f1-score": 0.21978021978021978,
      "support": 88.0
    },
    "disapproval": {
      "precision": 0.16600790513833993,
      "recall": 0.21649484536082475,
      "f1-score": 0.18791946308724833,
      "support": 194.0
    },
    "disgust": {
      "precision": 0.4051724137931034,
      "recall": 0.618421052631579,
      "f1-score": 0.4895833333333333,
      "support": 76.0
    },
    "embarrassment": {
      "precision": 0.23809523809523808,
      "recall": 0.43478260869565216,
      "f1-score": 0.3076923076923077,
      "support": 23.0
    },
    "excitement": {
      "precision": 0.17791411042944785,
      "recall": 0.5178571428571429,
      "f1-score": 0.2648401826484018,
      "support": 56.0
    },
    "fear": {
      "precision": 0.5319148936170213,
      "recall": 0.7692307692307693,
      "f1-score": 0.6289308176100629,
      "support": 65.0
    },
    "gratitude": {
      "precision": 0.946058091286307,
      "recall": 0.8769230769230769,
      "f1-score": 0.9101796407185628,
      "support": 260.0
    },
    "grief": {
      "precision": 0.2,
      "recall": 1.0,
      "f1-score": 0.3333333333333333,
      "support": 2.0
    },
    "joy": {
      "precision": 0.5175438596491229,
      "recall": 0.6344086021505376,
      "f1-score": 0.5700483091787439,
      "support": 93.0
    },
    "love": {
      "precision": 0.7076923076923077,
      "recall": 0.8625,
      "f1-score": 0.7774647887323943,
      "support": 160.0
    },
    "nervousness": {
      "precision": 0.2,
      "recall": 0.5,
      "f1-score": 0.2857142857142857,
      "support": 12.0
    },
    "optimism": {
      "precision": 0.5241935483870968,
      "recall": 0.6074766355140186,
      "f1-score": 0.5627705627705628,
      "support": 107.0
    },
    "pride": {
      "precision": 0.15384615384615385,
      "recall": 0.2857142857142857,
      "f1-score": 0.2,
      "support": 7.0
    },
    "realization": {
      "precision": 0.10043668122270742,
      "recall": 0.25842696629213485,
      "f1-score": 0.14465408805031446,
      "support": 89.0
    },
    "relief": {
      "precision": 0.030303030303030304,
      "recall": 0.14285714285714285,
      "f1-score": 0.05,
      "support": 7.0
    },
    "remorse": {
      "precision": 0.5714285714285714,
      "recall": 0.9090909090909091,
      "f1-score": 0.7017543859649122,
      "support": 44.0
    },
    "sadness": {
      "precision": 0.4782608695652174,
      "recall": 0.5392156862745098,
      "f1-score": 0.5069124423963134,
      "support": 102.0
    },
    "surprise": {
      "precision": 0.3,
      "recall": 0.5172413793103449,
      "f1-score": 0.379746835443038,
      "support": 87.0
    },
    "neutral": {
      "precision": 0.6832151300236406,
      "recall": 0.18176100628930816,
      "f1-score": 0.28713363139592646,
      "support": 1590.0
    },
    "accuracy": 0.3933887915936953,
    "macro avg": {
      "precision": 0.3543385783218609,
      "recall": 0.5012053186729484,
      "f1-score": 0.3916133580812174,
      "support": 4568.0
    },
    "weighted avg": {
      "precision": 0.510953380286589,
      "recall": 0.3933887915936953,
      "f1-score": 0.3933473592766187,
      "support": 4568.0
    }
  }
}