{
  "accuracy": 0.5748686514886164,
  "macro_f1": 0.5144823779733089,
  "weighted_f1": 0.5862852000988199,
  "per_class_f1": [
    0.40950639853747717,
    0.42424242424242425,
    0.5769230769230769,
    0.7326184711172604,
    0.5084175084175084,
    0.3720491029272899,
    0.5776196636481242
  ],
  "report": {
    "anger": {
      "precision": 0.38956521739130434,
      "recall": 0.43159922928709055,
      "f1-score": 0.40950639853747717,
      "support": 519.0
    },
    "disgust": {
      "precision": 0.3442622950819672,
      "recall": 0.5526315789473685,
      "f1-score": 0.42424242424242425,
      "support": 76.0
    },
    "fear": {
      "precision": 0.4580152671755725,
      "recall": 0.7792207792207793,
      "f1-score": 0.5769230769230769,
      "support": 77.0
    },
    "joy": {
      "precision": 0.8209302325581396,
      "recall": 0.6614615865084322,
      "f1-score": 0.7326184711172604,
      "support": 1601.0
    },
    "sadness": {
      "precision": 0.4507462686567164,
      "recall": 0.583011583011583,
      "f1-score": 0.5084175084175084,
      "support": 259.0
    },
    "surprise": {
      "precision": 0.32137030995106036,
      "recall": 0.44170403587443946,
      "f1-score": 0.3720491029272899,
      "support": 446.0
    },
    "neutral": {
      "precision": 0.5945406125166445,
      "recall": 0.5616352201257861,
      "f1-score": 0.5776196636481242,
      "support": 1590.0
    },
    "accuracy": 0.5748686514886164,
    "macro avg": {
      "precision": 0.48277574333305784,
      "recall": 0.5730377161393542,
      "f1-score": 0.5144823779733089,
      "support": 4568.0
    },
    "weighted avg": {
      "precision": 0.6093079631944274,
      "recall": 0.5748686514886164,
      "f1-score": 0.5862852000988199,
      "support": 4568.0
    }
  }
}