{
  "accuracy": 0.5952069716775599,
  "macro_f1": 0.5362825881145897,
  "weighted_f1": 0.6065454589629056,
  "per_class_f1": [
    0.43686006825938567,
    0.46408839779005523,
    0.5792349726775956,
    0.7321490769766632,
    0.47651006711409394,
    0.45864661654135336,
    0.6064889174429811
  ],
  "report": {
    "anger": {
      "precision": 0.39263803680981596,
      "recall": 0.49230769230769234,
      "f1-score": 0.43686006825938567,
      "support": 520.0
    },
    "disgust": {
      "precision": 0.4,
      "recall": 0.5526315789473685,
      "f1-score": 0.46408839779005523,
      "support": 76.0
    },
    "fear": {
      "precision": 0.5,
      "recall": 0.6883116883116883,
      "f1-score": 0.5792349726775956,
      "support": 77.0
    },
    "joy": {
      "precision": 0.8288643533123028,
      "recall": 0.6556456643792888,
      "f1-score": 0.7321490769766632,
      "support": 1603.0
    },
    "sadness": {
      "precision": 0.42136498516320475,
      "recall": 0.5482625482625483,
      "f1-score": 0.47651006711409394,
      "support": 259.0
    },
    "surprise": {
      "precision": 0.3967479674796748,
      "recall": 0.5434298440979956,
      "f1-score": 0.45864661654135336,
      "support": 449.0
    },
    "neutral": {
      "precision": 0.6264100862641009,
      "recall": 0.5877957658779577,
      "f1-score": 0.6064889174429811,
      "support": 1606.0
    },
    "accuracy": 0.5952069716775599,
    "macro avg": {
      "precision": 0.5094322041470142,
      "recall": 0.5811978260263627,
      "f1-score": 0.5362825881145897,
      "support": 4590.0
    },
    "weighted avg": {
      "precision": 0.6307253386920513,
      "recall": 0.5952069716775599,
      "f1-score": 0.6065454589629056,
      "support": 4590.0
    }
  }
}